                  epoch,             train/loss,  metrics/accuracy_top1,  metrics/accuracy_top5,               val/loss,                 lr/pg0,                 lr/pg1,                 lr/pg2
                      0,                0.23775,                0.90967,                      1,                0.89537,               0.070048,               0.003328,               0.003328
                      1,                0.04427,                 0.9731,                      1,                0.78814,               0.038729,              0.0053424,              0.0053424
                      2,                  0.022,                 0.9731,                      1,                0.78001,              0.0060903,              0.0060368,              0.0060368
                      3,                0.00936,                      1,                      1,                0.74365,                0.00406,                0.00406,                0.00406
                      4,                0.00268,                      1,                      1,                0.74297,                0.00406,                0.00406,                0.00406
