                  epoch,             train/loss,  metrics/accuracy_top1,  metrics/accuracy_top5,               val/loss,                 lr/pg0,                 lr/pg1,                 lr/pg2
                      0,                0.23775,                0.90967,                      1,                0.89537,               0.070048,               0.003328,               0.003328
                      1,                0.04109,                0.98876,                      1,                0.77355,               0.036751,               0.003364,               0.003364
